<application>
  <component name="VimEditorSettings">
    <editor>
      <key-repeat enabled="true" />
    </editor>
  </component>
  <component name="VimHistorySettings">
    <history>
      <history-search>
        <entry>Input</entry>
        <entry>Fact</entry>
        <entry>72</entry>
        <entry>80</entry>
        <entry>mapP</entry>
        <entry encoding="base64">fD4+</entry>
        <entry>Parser</entry>
        <entry encoding="base64">UmVzdWx0PA==</entry>
        <entry>pfloat</entry>
        <entry>spaces</entry>
        <entry>_definitionsByType</entry>
        <entry>IntValue</entry>
        <entry>g20</entry>
        <entry>57</entry>
        <entry encoding="base64">XDxMT0NLRV9VU0VSUE9PTF9DT0RFXD4=</entry>
        <entry encoding="base64">XDxoZWxsb1Byb3BzMVw+</entry>
        <entry encoding="base64">XDxPYmplY3RcPg==</entry>
      </history-search>
      <history-cmd>
        <entry>15</entry>
        <entry>57</entry>
        <entry>96</entry>
        <entry>38</entry>
        <entry>55</entry>
        <entry>145</entry>
        <entry>171</entry>
        <entry>14</entry>
        <entry>37</entry>
      </history-cmd>
      <history-expr />
      <history-input />
    </history>
  </component>
  <component name="VimKeySettings">
    <shortcut-conflicts>
      <shortcut-conflict owner="ide">
        <text>ctrl pressed F</text>
      </shortcut-conflict>
      <shortcut-conflict owner="ide">
        <text>ctrl pressed S</text>
      </shortcut-conflict>
      <shortcut-conflict owner="ide">
        <text>ctrl pressed OPEN_BRACKET</text>
      </shortcut-conflict>
      <shortcut-conflict owner="ide">
        <text>ctrl pressed V</text>
      </shortcut-conflict>
      <shortcut-conflict owner="ide">
        <text>ctrl pressed C</text>
      </shortcut-conflict>
      <shortcut-conflict owner="ide">
        <text>ctrl pressed W</text>
      </shortcut-conflict>
      <shortcut-conflict owner="ide">
        <text>ctrl pressed X</text>
      </shortcut-conflict>
      <shortcut-conflict owner="vim">
        <text>ctrl pressed B</text>
      </shortcut-conflict>
      <shortcut-conflict owner="vim">
        <text>ctrl pressed K</text>
      </shortcut-conflict>
      <shortcut-conflict owner="ide">
        <text>ctrl pressed N</text>
      </shortcut-conflict>
      <shortcut-conflict owner="ide">
        <text>ctrl pressed P</text>
      </shortcut-conflict>
      <shortcut-conflict owner="vim">
        <text>ctrl pressed R</text>
      </shortcut-conflict>
      <shortcut-conflict owner="vim">
        <text>ctrl pressed G</text>
      </shortcut-conflict>
      <shortcut-conflict owner="vim">
        <text>ctrl pressed CLOSE_BRACKET</text>
      </shortcut-conflict>
      <shortcut-conflict owner="ide">
        <text>ctrl pressed A</text>
      </shortcut-conflict>
      <shortcut-conflict owner="ide">
        <text>ctrl pressed U</text>
      </shortcut-conflict>
      <shortcut-conflict owner="ide">
        <text>ctrl pressed D</text>
      </shortcut-conflict>
      <shortcut-conflict owner="ide">
        <text>ctrl pressed E</text>
      </shortcut-conflict>
      <shortcut-conflict owner="vim">
        <text>ctrl pressed T</text>
      </shortcut-conflict>
      <shortcut-conflict owner="vim">
        <text>ctrl pressed M</text>
      </shortcut-conflict>
      <shortcut-conflict owner="vim">
        <text>ctrl pressed L</text>
      </shortcut-conflict>
      <shortcut-conflict owner="vim">
        <text>ctrl pressed H</text>
      </shortcut-conflict>
      <shortcut-conflict owner="vim">
        <text>ctrl pressed Y</text>
      </shortcut-conflict>
      <shortcut-conflict owner="vim">
        <text>ctrl pressed J</text>
      </shortcut-conflict>
      <shortcut-conflict owner="vim">
        <text>ctrl pressed I</text>
      </shortcut-conflict>
      <shortcut-conflict owner="vim">
        <text>ctrl pressed Q</text>
      </shortcut-conflict>
      <shortcut-conflict owner="vim">
        <text>ctrl pressed BACK_SLASH</text>
      </shortcut-conflict>
    </shortcut-conflicts>
  </component>
  <component name="VimMarksSettings">
    <globalmarks />
    <filemarks>
      <file name="$USER_HOME$/Documents/Voucher/test/Voucher.Tests/Scenarios/TestConstants.cs" timestamp="1617626083854">
        <mark key="[" line="6" column="62" />
        <mark key="]" line="6" column="62" />
        <mark key="." line="6" column="62" />
        <mark key="^" line="6" column="44" />
      </file>
      <file name="$USER_HOME$/Documents/dotnet/logging-ts/src/BiLogger.ts" timestamp="1616159183374">
        <mark key="[" line="21" column="5" />
        <mark key="]" line="21" column="5" />
        <mark key="^" line="10" column="11" />
        <mark key="." line="21" column="5" />
      </file>
      <file name="$USER_HOME$/Documents/dotnet/monad/Understand.Typescript.Monad/src/test/compose.spec.ts" timestamp="1618490383775">
        <mark key="[" line="38" column="41" />
        <mark key="]" line="38" column="41" />
        <mark key="." line="38" column="41" />
        <mark key="^" line="37" column="46" />
      </file>
      <file name="$USER_HOME$/Documents/Voucher/src/Voucher.Services/ServiceModules/UserServiceModule.cs" timestamp="1617637132480">
        <mark key="[" line="24" column="76" />
        <mark key="]" line="24" column="76" />
        <mark key="^" line="24" column="87" />
        <mark key="." line="24" column="76" />
      </file>
      <file name="/Immediate Window" timestamp="1617638805900">
        <mark key="[" line="0" column="0" />
      </file>
      <file name="$USER_HOME$/Documents/Voucher/src/Voucher.Services/User/VoucherConstants.cs" timestamp="1617637944942">
        <mark key="[" line="4" column="36" />
        <mark key="]" line="4" column="36" />
        <mark key="." line="4" column="36" />
      </file>
      <file name="$USER_HOME$/Documents/Voucher/src/Voucher.Web/appsettings.json" timestamp="1617625480850">
        <mark key="[" line="1" column="0" />
        <mark key="]" line="1" column="0" />
        <mark key="." line="1" column="0" />
      </file>
      <file name="$USER_HOME$/Documents/Voucher/src/Voucher.Web/Shared/MainLayout.razor" timestamp="1617626129357">
        <mark key="[" line="11" column="26" />
        <mark key="]" line="11" column="26" />
        <mark key="^" line="29" column="53" />
        <mark key="." line="11" column="26" />
      </file>
      <file name="$USER_HOME$/Documents/Voucher/src/Voucher.Web/Pages/RefundApprove.razor" timestamp="1617638926366">
        <mark key="[" line="74" column="0" />
        <mark key="]" line="74" column="0" />
        <mark key="." line="74" column="0" />
        <mark key="^" line="73" column="0" />
      </file>
      <file name="$USER_HOME$/Documents/Voucher/src/Voucher.Web/Pages/ChargeApprove.razor" timestamp="1617638353092">
        <mark key="[" line="68" column="22" />
      </file>
      <file name="$USER_HOME$/Documents/Voucher/src/Voucher.Web/Areas/Identity/Pages/_ViewImports.cshtml" timestamp="1617633662460">
        <mark key="[" line="2" column="52" />
      </file>
      <file name="$USER_HOME$/Documents/dotnet/fp-ts/src/Console.ts" timestamp="1618996945992" />
      <file name="$USER_HOME$/Documents/dotnet/monad/Understand.Typescript.Monad/src/test/Option.spec.ts" timestamp="1618383642400">
        <mark key="'" line="58" column="19" />
        <mark key="[" line="74" column="5" />
        <mark key="]" line="74" column="0" />
        <mark key="." line="74" column="0" />
      </file>
      <file name="$USER_HOME$/Documents/Voucher/src/Voucher.Services/User/IRefundApplyStore.cs" timestamp="1617638312005">
        <mark key="[" line="61" column="43" />
        <mark key="]" line="61" column="43" />
        <mark key="." line="61" column="43" />
        <mark key="^" line="61" column="44" />
      </file>
      <file name="$USER_HOME$/Documents/dotnet/logging-ts/node_modules/fp-ts/lib/MonadIO.d.ts" timestamp="1616141428709">
        <mark key="[" line="41" column="45" />
        <mark key="]" line="41" column="45" />
        <mark key="." line="41" column="45" />
      </file>
      <file name="$USER_HOME$/Documents/Voucher/src/Voucher.Web/wwwroot/css/home.css" timestamp="1617635031334">
        <mark key="[" line="68" column="1" />
      </file>
      <file name="$USER_HOME$/Documents/Voucher/src/Voucher.Web/Pages/Index.razor" timestamp="1617626095089">
        <mark key="[" line="10" column="22" />
        <mark key="]" line="10" column="22" />
        <mark key="." line="10" column="22" />
      </file>
    </filemarks>
    <jumps>
      <jump line="16" column="0" filename="$USER_HOME$/Documents/rea-group/locke-infrastructure/deployment/identity_provider_monitoring/index.js" />
      <jump line="23" column="24" filename="$USER_HOME$/Documents/rea-group/locke-infrastructure/deployment/identity_provider_monitoring/cognitoClients.js" />
      <jump line="0" column="1" filename="$USER_HOME$/Documents/rea-group/locke-infrastructure/deployment/identity_provider_monitoring/config.json" />
      <jump line="25" column="5" filename="$USER_HOME$/Documents/rea-group/locke-infrastructure/deployment/identity_provider_monitoring/cognitoClients.js" />
      <jump line="0" column="0" filename="$USER_HOME$/Documents/rea-group/locke-infrastructure/deployment/identity_provider_monitoring/cognitoClients.js" />
      <jump line="66" column="2" filename="$USER_HOME$/Documents/rea-group/locke-infrastructure/deployment/identity_provider_monitoring/idpMonitoringStack.js" />
      <jump line="74" column="17" filename="$USER_HOME$/Documents/dotnet/monad/Understand.Fsharp.Monad/Option.fs" />
      <jump line="4" column="0" filename="$USER_HOME$/Documents/dotnet/monad/Understand.Fsharp.Monad/Result.fs" />
      <jump line="75" column="0" filename="$USER_HOME$/Documents/dotnet/monad/Understand.Fsharp.Monad/Result.fs" />
      <jump line="70" column="0" filename="$USER_HOME$/Documents/dotnet/monad/Understand.Fsharp.Monad/Result.fs" />
      <jump line="78" column="0" filename="$USER_HOME$/Documents/dotnet/monad/Understand.Fsharp.Monad/Result.fs" />
      <jump line="0" column="0" filename="$USER_HOME$/Documents/dotnet/monad/Understand.Fsharp.Monad/Result.fs" />
      <jump line="41" column="20" filename="$USER_HOME$/Documents/dotnet/monad/Understand.Fsharp.Monad/WebClientDownload.fs" />
      <jump line="6" column="0" filename="$USER_HOME$/Documents/dotnet/monad/Understand.Fsharp.Monad/WebClientDownload.fs" />
      <jump line="19" column="38" filename="$USER_HOME$/Documents/dotnet/monad/Understand.Fsharp.Monad/WebClientDownload.fs" />
      <jump line="39" column="53" filename="$USER_HOME$/Documents/dotnet/monad/Understand.Fsharp.Monad/Parser.fs" />
      <jump line="4" column="0" filename="$USER_HOME$/Documents/dotnet/monad/Understand.Fsharp.Monad/Parser.fs" />
      <jump line="6" column="13" filename="$USER_HOME$/Documents/rea-group/locke-api/src/common/tryToFindAttributeValueFromUser.ts" />
      <jump line="34" column="39" filename="$USER_HOME$/Documents/rea-group/locke-api/test/unit/v1/user/accountLinking/existedUser/confirm/updateUserEmailVerifiedAttribute.test.ts" />
      <jump line="54" column="4" filename="$USER_HOME$/Documents/rea-group/locke-api/test/unit/v1/user/accountLinking/existedUser/confirm/updateUserEmailVerifiedAttribute.test.ts" />
      <jump line="30" column="16" filename="$USER_HOME$/Documents/rea-group/locke-api/test/unit/v1/user/accountLinking/existedUser/confirm/getLinkingDestinationUser.test.ts" />
      <jump line="15" column="19" filename="$USER_HOME$/Documents/rea-group/locke-api/test/unit/v1/user/accountLinking/existedUser/confirm/rollbackMigrationUser.test.ts" />
      <jump line="0" column="6" filename="$USER_HOME$/Documents/rea-group/locke-api/test/unit/v1/user/accountLinking/getLinkingStatus.test.ts" />
      <jump line="7" column="5" filename="$USER_HOME$/Documents/rea-group/locke-api/test/unit/v1/user/accountLinking/getLinkingStatus.test.ts" />
      <jump line="51" column="0" filename="$USER_HOME$/Documents/rea-group/locke-api/test/unit/v1/user/accountLinking/getLinkingStatus.test.ts" />
      <jump line="39" column="28" filename="$USER_HOME$/Documents/dotnet/monad/Understand.Fsharp.Monad/ResultX.fs" />
      <jump line="33" column="5" filename="$USER_HOME$/Documents/dotnet/monad/Understand.Fsharp.Monad/Customer.fs" />
      <jump line="32" column="8" filename="$USER_HOME$/Documents/dotnet/monad/Understand.CSharp.Monad/Maybe.cs" />
      <jump line="17" column="34" filename="$USER_HOME$/Documents/rea-group/diego/src/shared/__tests__/bigQueryClientFactory.test.js" />
      <jump line="62" column="56" filename="$USER_HOME$/Documents/rea-group/diego/src/shared/__tests__/bigquery-client.test.js" />
      <jump line="0" column="0" filename="$USER_HOME$/Documents/amp/repos/performance-ui/node_modules/@cultureamp/frontend-build/lib/webpack/makeWebpackConfig.ts" />
      <jump line="225" column="0" filename="$USER_HOME$/Documents/amp/repos/performance-ui/node_modules/@cultureamp/frontend-build/lib/webpack/makeWebpackConfig.ts" />
      <jump line="2" column="304" filename="$USER_HOME$/Documents/amp/repos/performance-ui/build/index.html" />
      <jump line="0" column="0" filename="$USER_HOME$/Documents/amp/repos/performance-ui/build/index.html" />
      <jump line="27" column="1" filename="$USER_HOME$/Documents/react-starter/test/Sample/mock.test.js" />
      <jump line="3" column="17" filename="$USER_HOME$/Documents/react-starter/test/Sample/mock.test.js" />
      <jump line="4" column="17" filename="$USER_HOME$/Documents/react-starter/test/sample/mock.test.js" />
      <jump line="0" column="0" filename="$USER_HOME$/Documents/react-starter/test/sample/mock.test.js" />
      <jump line="3" column="0" filename="$USER_HOME$/Documents/react-starter/src/Home.js" />
      <jump line="5" column="10" filename="$USER_HOME$/Documents/react-starter/src/App.js" />
      <jump line="11" column="17" filename="$USER_HOME$/Documents/react-starter/webpack-dev.config.js" />
      <jump line="25" column="20" filename="$USER_HOME$/Documents/amp/webpack-demo-app/scripts/build2.sh" />
      <jump line="57" column="9" filename="$USER_HOME$/Documents/react-starter/src/components/Hello/Hello.tsx" />
      <jump line="32" column="0" filename="$USER_HOME$/Documents/react-starter/src/components/Hello/Hello.tsx" />
      <jump line="209" column="3" filename="$USER_HOME$/Documents/amp/repos/performance-ui/.buildkite/pipeline.yml" />
      <jump line="208" column="0" filename="$USER_HOME$/Documents/amp/repos/performance-ui/.buildkite/pipeline.yml" />
      <jump line="35" column="18" filename="$USER_HOME$/Documents/react-starter/src/components/ReduxPage/actions/expenses.ts" />
      <jump line="40" column="10" filename="$USER_HOME$/Documents/react-starter/src/components/ReduxPage/ExpensePage.tsx" />
      <jump line="61" column="51" filename="$USER_HOME$/Documents/react-starter/src/components/ReduxPage/ExpensePage.tsx" />
      <jump line="76" column="71" filename="$USER_HOME$/Documents/react-starter/src/components/ReduxPage/ExpensePage.tsx" />
      <jump line="34" column="34" filename="$USER_HOME$/Documents/react-starter/src/components/ReduxThunkPage/actions/expenses.ts" />
      <jump line="13" column="46" filename="$USER_HOME$/Documents/react-starter/src/components/ReduxSagaPage/configreStore.ts" />
      <jump line="14" column="29" filename="$USER_HOME$/Documents/react-starter/src/components/configreStore.ts" />
      <jump line="7" column="0" filename="$USER_HOME$/Documents/react-starter/src/components/configreStore.ts" />
      <jump line="15" column="11" filename="$USER_HOME$/Documents/react-starter/src/components/Hello/Counter.tsx" />
      <jump line="4" column="0" filename="$USER_HOME$/Documents/react-starter/src/components/Hello/Counter.tsx" />
      <jump line="34" column="16" filename="$USER_HOME$/Documents/react-starter/src/components/HighOrder/withState.tsx" />
      <jump line="9" column="77" filename="$USER_HOME$/Documents/react-starter/src/components/Hello/ClassCounterWithDefaultProps.tsx" />
      <jump line="25" column="3" filename="$USER_HOME$/Documents/react-starter/src/components/Hello/ClassCounterWithDefaultProps.tsx" />
      <jump line="13" column="87" filename="$USER_HOME$/Documents/react-starter/src/components/ReduxObserablePage/counters/actions.ts" />
      <jump line="1" column="0" filename="$USER_HOME$/Documents/react-starter/src/components/ReduxObserablePage/store/types.d.ts" />
      <jump line="8" column="1" filename="$USER_HOME$/Documents/react-starter/src/components/ReduxObserablePage/store/root-epic.ts" />
      <jump line="180" column="20" filename="$USER_HOME$/Documents/amp/repos/performance-ui/package.json" />
      <jump line="126" column="5" filename="$USER_HOME$/Documents/amp/repos/performance-ui/frontend.config.ts" />
      <jump line="56" column="3" filename="$USER_HOME$/Documents/react-starter/webpack-dev.config.js" />
      <jump line="12" column="24" filename="$USER_HOME$/Documents/react-starter/webpack-dev.config.js" />
      <jump line="9" column="0" filename="$USER_HOME$/Documents/react-starter/plugins/jsDelivrCdnPlugin.ts" />
      <jump line="9" column="6" filename="$USER_HOME$/Documents/react-starter/src/plugins/jsDelivrCdnPlugin.ts" />
      <jump line="39" column="24" filename="$USER_HOME$/Documents/react-starter/src/plugins/jsDelivrCdnPlugin.ts" />
      <jump line="113" column="13" filename="$USER_HOME$/Documents/react-starter/src/plugins/jsDelivrCdnPlugin.ts" />
      <jump line="8" column="11" filename="$USER_HOME$/Documents/temp/ClassLibrary1/ClassLibrary1/Class1.cs" />
      <jump line="6" column="20" filename="$USER_HOME$/Documents/temp/ClassLibrary1/ClassLibrary1/Class1.cs" />
      <jump line="28" column="9" filename="$USER_HOME$/Documents/dotnet/fp-ts/src/boolean.ts" />
      <jump line="110" column="64" filename="$USER_HOME$/Documents/Voucher/test/Voucher.Tests/TestBase.cs" />
      <jump line="114" column="0" filename="$USER_HOME$/Documents/Voucher/test/Voucher.Tests/TestBase.cs" />
      <jump line="31" column="14" filename="$USER_HOME$/Documents/Voucher/test/Voucher.Tests/User/SeedingTests.cs" />
      <jump line="47" column="0" filename="$USER_HOME$/Documents/Voucher/src/Voucher.Web/Pages/MyInfo.razor" />
      <jump line="60" column="0" filename="$USER_HOME$/Documents/Voucher/src/Voucher.Web/Pages/IncomeList.razor" />
      <jump line="51" column="18" filename="$USER_HOME$/Documents/Voucher/src/Voucher.Web/Pages/ChargeApprove.razor" />
      <jump line="60" column="0" filename="$USER_HOME$/Documents/Voucher/src/Voucher.Web/Pages/ChargeApprove.razor" />
      <jump line="52" column="39" filename="$USER_HOME$/Documents/Voucher/src/Voucher.Services/User/ClaimsIdentityExtensions.cs" />
      <jump line="24" column="30" filename="$USER_HOME$/Documents/Voucher/src/Voucher.Services/User/ChargeService.cs" />
      <jump line="6" column="0" filename="$USER_HOME$/Documents/Voucher/src/Voucher.Web/Pages/Charge.razor" />
      <jump line="0" column="0" filename="$USER_HOME$/Documents/Voucher/src/Voucher.Web/Pages/Charge.razor" />
      <jump line="5" column="34" filename="$USER_HOME$/Documents/Voucher/src/Voucher.Web/Pages/ChargeApprove.razor" />
      <jump line="20" column="39" filename="$USER_HOME$/Documents/Voucher/src/Voucher.Services/VoucherDataSeeding.cs" />
      <jump line="84" column="8" filename="$USER_HOME$/Documents/Voucher/src/Voucher.Web/Startup.cs" />
      <jump line="19" column="36" filename="$USER_HOME$/Documents/Voucher/src/Voucher.Services/User/IncomeService.cs" />
      <jump line="51" column="2" filename="$USER_HOME$/Documents/Voucher/src/Voucher.Web/Pages/IncomeList.razor" />
      <jump line="52" column="0" filename="$USER_HOME$/Documents/Voucher/src/Voucher.Web/Pages/IncomeList.razor" />
      <jump line="2" column="34" filename="$USER_HOME$/Documents/Voucher/src/Voucher.Web/Pages/IncomeList.razor" />
      <jump line="56" column="0" filename="$USER_HOME$/Documents/Voucher/src/Voucher.Web/Pages/IncomeList.razor" />
      <jump line="55" column="46" filename="$USER_HOME$/Documents/Voucher/src/Voucher.Web/Pages/IncomeList.razor" />
      <jump line="58" column="0" filename="$USER_HOME$/Documents/Voucher/src/Voucher.Web/Pages/IncomeList.razor" />
      <jump line="29" column="81" filename="$USER_HOME$/Documents/Voucher/src/Voucher.Services/VoucherDbContext.cs" />
      <jump line="56" column="22" filename="$USER_HOME$/Documents/Voucher/src/Voucher.Web/Pages/MyInfo.razor" />
      <jump line="5" column="41" filename="$USER_HOME$/Documents/Voucher/src/Voucher.Web/Pages/IncomeList.razor" />
      <jump line="4" column="31" filename="$USER_HOME$/Documents/Voucher/src/Voucher.Web/Pages/RefundApprove.razor" />
      <jump line="71" column="4" filename="$USER_HOME$/Documents/Voucher/src/Voucher.Web/Pages/RefundApprove.razor" />
      <jump line="54" column="19" filename="$USER_HOME$/Documents/dotnet/monad/Understand.Typescript.Monad/src/test/Option.spec.ts" />
    </jumps>
  </component>
  <component name="VimRegisterSettings">
    <registers>
      <register name="&quot;" type="4">
        <text>7</text>
      </register>
      <register name="-" type="4">
        <text>7</text>
      </register>
      <register name="/" type="4">
        <text encoding="base64">XDxPYmplY3RcPg==</text>
      </register>
      <register name="0" type="2">
        <text encoding="base64">ICAgIGV4cGVjdChwYXJzZUlkKCJhYSIpKS50b0JlKG5vbmUpOwo=</text>
      </register>
      <register name="1" type="2">
        <text encoding="base64">ICAgICAgLy8gQXJyYXkuc2VxdWVuY2UK</text>
      </register>
      <register name="q" type="4">
        <text />
      </register>
      <register name="2" type="2">
        <text encoding="base64">ICAgICAgY2hhaW4oeCA9PiApCg==</text>
      </register>
      <register name="3" type="2">
        <text encoding="base64">aW1wb3J0IHsgY2hhaW4gfSBmcm9tICJmcC10cy9lczYvT3B0aW9uIjsK</text>
      </register>
      <register name="4" type="2">
        <text encoding="base64">ICAgIE51bWJlcgo=</text>
      </register>
      <register name="5" type="2">
        <text encoding="base64">ICAgICAgICAgICAgPgo=</text>
      </register>
      <register name="6" type="2">
        <text encoding="base64">Cg==</text>
      </register>
      <register name="7" type="2">
        <text encoding="base64">ICAgICAgICAgICAgICAgICpACg==</text>
      </register>
      <register name="8" type="4">
        <text encoding="base64">QAogICAgPC9kaXY+CjwvZGl2Pgo8Rm9vdGVyPjwvRm9vdGVyPgo=</text>
      </register>
      <register name="9" type="2">
        <text encoding="base64">ICAgICAgICAgICAgdmFyIGRhdGEgPSBhd2FpdCBfZGJDb250ZXh0LlJlZnVuZEFwcGxpZXMuVG9MaXN0QXN5bmMoKTsK</text>
      </register>
      <register name=":" type="4">
        <text>37</text>
      </register>
    </registers>
  </component>
  <component name="VimSearchSettings">
    <search>
      <last-search encoding="base64">XDxPYmplY3RcPg==</last-search>
      <last-offset />
      <last-pattern encoding="base64">XDxPYmplY3RcPg==</last-pattern>
      <last-dir>1</last-dir>
      <show-last>false</show-last>
    </search>
  </component>
  <component name="VimSettings">
    <state version="6" enabled="true" />
    <notifications>
      <idea-join enabled="true" />
      <idea-put enabled="false" />
    </notifications>
  </component>
</application>