<keymap version="1" name="Rider copy" parent="Rider">
  <action id="$Delete">
    <keyboard-shortcut first-keystroke="meta back_space" />
  </action>
  <action id="ActivateNuGetToolWindow">
    <keyboard-shortcut first-keystroke="alt 7" />
  </action>
  <action id="ActivateStructureToolWindow" />
  <action id="ActivateTODOToolWindow" />
  <action id="ActivateUnitTestsToolWindow">
    <keyboard-shortcut first-keystroke="alt 6" />
  </action>
  <action id="CleanSelectionAction">
    <keyboard-shortcut first-keystroke="meta 9" />
  </action>
  <action id="CleanSolutionAction">
    <keyboard-shortcut first-keystroke="meta f9" />
  </action>
  <action id="CloseAllEditors">
    <keyboard-shortcut first-keystroke="ctrl close_bracket" />
  </action>
  <action id="CloseAllEditorsButActive">
    <keyboard-shortcut first-keystroke="ctrl open_bracket" />
  </action>
  <action id="CloseContent">
    <keyboard-shortcut first-keystroke="meta f4" />
  </action>
  <action id="CopyPaths" />
  <action id="CopyReferencePopup">
    <keyboard-shortcut first-keystroke="shift ctrl c" />
  </action>
  <action id="DatabaseView.CopyDdlAction">
    <keyboard-shortcut first-keystroke="shift ctrl alt g" />
  </action>
  <action id="Editor Delete">
    <keyboard-shortcut first-keystroke="meta back_space" />
  </action>
  <action id="EditorCodeBlockEnd">
    <keyboard-shortcut first-keystroke="shift ctrl close_bracket" />
  </action>
  <action id="EditorCodeBlockEndWithSelection" />
  <action id="EditorCodeBlockStart">
    <keyboard-shortcut first-keystroke="shift ctrl open_bracket" />
  </action>
  <action id="EditorCodeBlockStartWithSelection" />
  <action id="EditorIndentLineOrSelection">
    <keyboard-shortcut first-keystroke="shift ctrl right" />
  </action>
  <action id="EditorNextWord">
    <keyboard-shortcut first-keystroke="meta right" />
  </action>
  <action id="EditorNextWordWithSelection">
    <keyboard-shortcut first-keystroke="shift meta right" />
  </action>
  <action id="EditorPreviousWord">
    <keyboard-shortcut first-keystroke="meta left" />
  </action>
  <action id="EditorPreviousWordWithSelection">
    <keyboard-shortcut first-keystroke="shift meta left" />
  </action>
  <action id="EditorUnindentSelection">
    <keyboard-shortcut first-keystroke="shift tab" />
    <keyboard-shortcut first-keystroke="shift ctrl left" />
  </action>
  <action id="FileChooser.NewFile">
    <keyboard-shortcut first-keystroke="meta equals" />
  </action>
  <action id="FileChooser.NewFolder">
    <keyboard-shortcut first-keystroke="meta minus" />
  </action>
  <action id="FileStructurePopup">
    <keyboard-shortcut first-keystroke="ctrl f12" />
    <keyboard-shortcut first-keystroke="meta f12" />
  </action>
  <action id="Find">
    <keyboard-shortcut first-keystroke="ctrl f" />
  </action>
  <action id="FindInPath">
    <keyboard-shortcut first-keystroke="shift meta f" />
  </action>
  <action id="Generate">
    <keyboard-shortcut first-keystroke="alt equals" />
  </action>
  <action id="GotoDeclaration">
    <mouse-shortcut keystroke="control button1" />
    <mouse-shortcut keystroke="button2" />
    <keyboard-shortcut first-keystroke="meta b" />
  </action>
  <action id="GotoImplementation">
    <keyboard-shortcut first-keystroke="ctrl meta b" />
  </action>
  <action id="GotoNextElementUnderCaretUsage">
    <keyboard-shortcut first-keystroke="meta e" />
  </action>
  <action id="GotoPrevElementUnderCaretUsage">
    <keyboard-shortcut first-keystroke="shift meta e" />
  </action>
  <action id="Graph.ZoomIn">
    <keyboard-shortcut first-keystroke="add" />
    <keyboard-shortcut first-keystroke="shift meta minus" />
  </action>
  <action id="Graph.ZoomOut">
    <keyboard-shortcut first-keystroke="minus" />
    <keyboard-shortcut first-keystroke="shift meta equals" />
  </action>
  <action id="IncreaseColumnWidth" />
  <action id="IncrementWindowWidth" />
  <action id="LocateInSolutionView">
    <keyboard-shortcut first-keystroke="shift meta l" />
  </action>
  <action id="NewElementSamePlace">
    <keyboard-shortcut first-keystroke="meta n" />
  </action>
  <action id="NextOccurence">
    <keyboard-shortcut first-keystroke="meta down" />
  </action>
  <action id="NextSplitter">
    <keyboard-shortcut first-keystroke="meta alt right" />
  </action>
  <action id="PinActiveTab">
    <keyboard-shortcut first-keystroke="meta p" />
  </action>
  <action id="PrevSplitter">
    <keyboard-shortcut first-keystroke="meta alt left" />
  </action>
  <action id="QuickTypeDefinition">
    <keyboard-shortcut first-keystroke="shift meta b" />
  </action>
  <action id="ReSharperGotoImplementation" />
  <action id="ResizeToolWindowLeft" />
  <action id="ResizeToolWindowRight" />
  <action id="RevealIn">
    <keyboard-shortcut first-keystroke="meta enter" />
  </action>
  <action id="RiderNewSolution">
    <keyboard-shortcut first-keystroke="alt minus" />
  </action>
  <action id="RiderUnitTestRunSolutionTwAction" />
  <action id="SplitVertically">
    <keyboard-shortcut first-keystroke="meta back_slash" />
  </action>
  <action id="Stop">
    <keyboard-shortcut first-keystroke="meta f2" />
  </action>
  <action id="ToggleLineBreakpoint">
    <keyboard-shortcut first-keystroke="meta f8" />
  </action>
  <action id="Vcs.Log.FocusTextFilter" />
  <action id="Vcs.QuickListPopupAction">
    <keyboard-shortcut first-keystroke="meta v" />
  </action>
</keymap>